{
  "continuous_idx": [
    0,
    1,
    2,
    3,
    4,
    5,
    6,
    19,
    20,
    21,
    22
  ],
  "mean": [
    24.50605010986328,
    24.506044387817383,
    2.334078788757324,
    1.5859737396240234,
    1.2580320835113525,
    1.0960383415222168,
    0.9531698822975159,
    24.506013870239258,
    24.506032943725586,
    24.125503540039062,
    24.505199432373047
  ],
  "std": [
    28.045265197753906,
    29.64470863342285,
    3.521651029586792,
    2.197507858276367,
    1.8198431730270386,
    1.6449609994888306,
    1.4830310344696045,
    26.555477142333984,
    21.13413429260254,
    27.987224578857422,
    27.482473373413086
  ]
}