{
  "best_val_loss": 6.362625598907471,
  "train_time_sec": 1095.975904226303,
  "n_params": 124704,
  "val": {
    "mae": 0.11571754852587594,
    "rmse": 0.3895314603020156,
    "masked_mae": 1.077245781369636,
    "topk_hit": 0.3082816464643633,
    "tcs": 0.9791458469150454
  },
  "test": {
    "mae": 0.11957518016154045,
    "rmse": 0.4144419546236516,
    "masked_mae": 1.1183447509909785,
    "topk_hit": 0.31098799138294647,
    "tcs": 0.9638067560954976
  },
  "ood": {
    "mae": 0.11624274353274726,
    "rmse": 0.39440472393271275,
    "masked_mae": 1.0844855066462868,
    "topk_hit": 0.31270669565303877,
    "tcs": 0.9847760821785579
  }
}